Flight Class,Sentiment
Business Class,0.22538453125000002
Economy Class,0.3480509584664537
First Class,0.349974358974359
