Flight Delay Mentioned,Sentiment
False,0.23549955409073284
True,-0.11147924393723253
