Review Length Category,Sentiment
Short,0.8651142857142856
Medium,0.16967349785407726
Long,0.10707950130472602
