Seat Issue Mentioned,Sentiment
False,0.08593411540035466
True,0.4312771790808241
